item_id,site,period,best_source,best_d2,best_p,confident,best_source_3el,best_d2_3el,best_p_3el,confident_3el,quality_flag,divergent_elements,locus,basket,Rb,Zr,Nb,2el_3el_agree
ein_50155,einan,natufian,GolluDag,5.764,0.056,True,EGD,6.562,0.0872,True,repeat_divergent,"Rb,Nb",5076,50155,90.0,66.67,23.33,False
ein_5251,einan,natufian,GolluDag,10.5,0.0052,False,GolluDag,14.37,0.0024,False,good,,R97b,5251,80.0,60.0,20.0,True
ein_5287,einan,natufian,GolluDag,3.351,0.1872,True,GolluDag,3.471,0.3246,True,good,,G98b,5287,95.0,75.0,30.0,True
ein_5310,einan,natufian,GolluDag,2.483,0.2889,True,GolluDag,2.499,0.4755,True,good,,I97c,5310,100.0,80.0,30.0,True
ein_5356,einan,natufian,GolluDag,8.198,0.0166,False,GolluDag,9.591,0.0224,False,repeat_divergent,Zr,H91,5356,90.0,65.0,20.0,True
ein_5410A,einan,natufian,GolluDag,8.198,0.0166,False,GolluDag,10.441,0.0152,False,repeat_divergent,Zr,Q98c,5410A,85.0,65.0,20.0,True
ein_5410B,einan,natufian,GolluDag,4.525,0.1041,True,GolluDag,4.558,0.2072,True,good,,Q98c,5410B,100.0,70.0,30.0,True
ein_5410C,einan,natufian,GolluDag,2.483,0.2889,True,GolluDag,3.641,0.303,True,good,,Q98c,5410C,115.0,80.0,30.0,True
ein_5444,einan,natufian,GolluDag,7.497,0.0235,False,GolluDag,9.907,0.0194,False,good,,Q97a,5444,83.33,66.67,20.0,True
ein_5482,einan,natufian,GolluDag,4.525,0.1041,True,GolluDag,4.558,0.2072,True,single,,R97d,5482,100.0,70.0,30.0,True
ein_5533,einan,natufian,GolluDag,10.5,0.0052,False,GolluDag,14.37,0.0024,False,good,,O98b-c,5533,80.0,60.0,20.0,True
ein_5561,einan,natufian,GolluDag,4.525,0.1041,True,GolluDag,4.558,0.2072,True,single,,K93b,5561,100.0,70.0,30.0,True
ein_5598,einan,natufian,GolluDag,10.5,0.0052,False,GolluDag,14.37,0.0024,False,good,,P98,5598,80.0,60.0,20.0,True
ein_5645,einan,natufian,GolluDag,3.351,0.1872,True,GolluDag,3.352,0.3405,True,good,,P97c,5645,100.0,75.0,30.0,True
ein_5686,einan,natufian,EGD,3.238,0.1981,True,EGD,4.826,0.185,True,repeat_divergent,"Zr,Nb",M98c,5686,95.0,65.0,25.0,True
ein_5810,einan,natufian,GolluDag,6.202,0.045,False,GolluDag,7.258,0.0641,True,single,,T97b,5810,90.0,70.0,20.0,True
ein_5844,einan,natufian,GolluDag,4.525,0.1041,True,GolluDag,4.731,0.1926,True,single,,S56b-c,5844,110.0,70.0,30.0,True
ein_5870,einan,natufian,GolluDag,3.351,0.1872,True,GolluDag,3.435,0.3293,True,good,,P96,5870,105.0,75.0,30.0,True
ein_5872,einan,natufian,GolluDag,2.483,0.2889,True,GolluDag,2.678,0.4439,True,good,,T99,5872,105.0,80.0,30.0,True
ein_5888,einan,natufian,GolluDag,3.351,0.1872,True,GolluDag,3.352,0.3405,True,good,,U99,5888,100.0,75.0,30.0,True
ein_5922,einan,natufian,GolluDag,6.202,0.045,False,GolluDag,7.258,0.0641,True,good,,P98,5922,90.0,70.0,20.0,True
ein_5927,einan,natufian,EGD,0.989,0.61,True,EGD,2.452,0.4841,True,repeat_divergent,Nb,O96,5927,95.0,70.0,25.0,True
ein_5929,einan,natufian,GolluDag,1.921,0.3828,True,GolluDag,2.751,0.4316,True,repeat_divergent,Rb,O98,5929,110.0,85.0,30.0,True
ein_5945,einan,natufian,GolluDag,8.198,0.0166,False,GolluDag,10.441,0.0152,False,repeat_divergent,Zr,R98,5945,85.0,65.0,20.0,True
ein_5948,einan,natufian,GolluDag,8.198,0.0166,False,GolluDag,11.491,0.0093,False,repeat_divergent,Zr,N96,5948,80.0,65.0,20.0,True
ein_5965,einan,natufian,GolluDag,6.202,0.045,False,GolluDag,6.357,0.0955,True,single,,Q96,5965,100.0,70.0,20.0,True
ein_5971,einan,natufian,GolluDag,6.202,0.045,False,GolluDag,6.357,0.0955,True,single,,S96,5971,100.0,70.0,20.0,True
ein_5974,einan,natufian,GolluDag,5.783,0.0555,True,GolluDag,7.245,0.0645,True,repeat_divergent,Nb,o98,5974,87.5,67.5,22.5,True
ein_6003,einan,natufian,GolluDag,1.921,0.3828,True,GolluDag,3.43,0.33,True,good,,Q98,6003,115.0,85.0,30.0,True
ein_6010,einan,natufian,GolluDag,6.202,0.045,False,GolluDag,8.307,0.0401,False,good,,P99d,6010,83.33,70.0,20.0,True
ein_6014,einan,natufian,GolluDag,1.664,0.4353,True,GolluDag,1.848,0.6045,True,single,,I93c,6014,100.0,90.0,30.0,True
ein_6016,einan,natufian,GolluDag,4.525,0.1041,True,GolluDag,4.558,0.2072,True,single,,R99,6016,100.0,70.0,30.0,True
ein_6017,einan,natufian,EGD,0.989,0.61,True,EGD,2.452,0.4841,True,repeat_divergent,Nb,R99,6017,95.0,70.0,25.0,True
ein_6022,einan,natufian,GolluDag,3.351,0.1872,True,GolluDag,3.719,0.2935,True,good,,T97,6022,110.0,75.0,30.0,True
ein_6034,einan,natufian,EGD,4.476,0.1067,True,GolluDag,5.838,0.1198,True,repeat_divergent,"Rb,Nb",I93d,6034,100.0,65.0,26.67,False
ein_6036,einan,natufian,GolluDag,3.709,0.1565,True,GolluDag,4.017,0.2596,True,good,,I92a,6036,110.0,73.33,30.0,True
ein_6037,einan,natufian,GolluDag,4.525,0.1041,True,GolluDag,4.558,0.2072,True,single,,I93d,6037,100.0,70.0,30.0,True
ein_6044,einan,natufian,EGD,0.989,0.61,True,EGD,2.452,0.4841,True,repeat_divergent,Nb,S100,6044,95.0,70.0,25.0,True
ein_6068,einan,natufian,GolluDag,10.5,0.0052,False,GolluDag,12.277,0.0065,False,good,,J93a,6068,90.0,60.0,20.0,True
ein_6084,einan,natufian,GolluDag,4.525,0.1041,True,GolluDag,4.544,0.2084,True,good,,T100,6084,105.0,70.0,30.0,True
ein_6105,einan,natufian,GolluDag,4.525,0.1041,True,GolluDag,5.189,0.1584,True,single,,Q98,6105,90.0,70.0,30.0,True
ein_6105A,einan,natufian,EGD,0.989,0.61,True,GolluDag,4.252,0.2355,True,repeat_divergent,"Rb,Zr,Nb",Q98,6105A,100.0,70.0,25.0,False
ein_6105B,einan,natufian,GolluDag,5.441,0.0659,True,GolluDag,8.697,0.0336,False,repeat_divergent,Nb,Q98,6105B,120.0,90.0,35.0,True
ein_6109,einan,natufian,GolluDag,1.921,0.3828,True,GolluDag,3.43,0.33,True,good,,S97,6109,115.0,85.0,30.0,True
ein_6148,einan,natufian,EGD,1.518,0.4681,True,GolluDag,3.571,0.3117,True,repeat_divergent,Nb,J94b,6148,98.0,72.0,26.0,False
ein_6149,einan,natufian,EGD,0.989,0.61,True,GolluDag,4.252,0.2355,True,repeat_divergent,Nb,S98,6149,100.0,70.0,25.0,False
ein_6164,einan,natufian,GolluDag,11.866,0.0027,False,GolluDag,23.119,0.0,False,repeat_divergent,Nb,R96,6164,130.0,120.0,35.0,True
ein_6165,einan,natufian,GolluDag,8.198,0.0166,False,GolluDag,9.591,0.0224,False,repeat_divergent,Zr,R97,6165,90.0,65.0,20.0,True
ein_6185,einan,natufian,GolluDag,2.164,0.339,True,GolluDag,3.151,0.3689,True,good,,S98,6185,112.5,82.5,30.0,True
ein_6186,einan,natufian,GolluDag,10.5,0.0052,False,GolluDag,13.223,0.0042,False,good,,R98,6186,85.0,60.0,20.0,True
ein_6187,einan,natufian,GolluDag,6.202,0.045,False,GolluDag,7.258,0.0641,True,good,,Q98,6187,90.0,70.0,20.0,True
ein_6190,einan,natufian,GolluDag,10.5,0.0052,False,GolluDag,14.37,0.0024,False,single,,H93b,6190,80.0,60.0,20.0,True
ein_6200,einan,natufian,GolluDag,4.887,0.0868,True,GolluDag,5.837,0.1198,True,repeat_divergent,Nb,S97,6200,90.0,70.0,22.5,True
ein_6202,einan,natufian,GolluDag,2.483,0.2889,True,GolluDag,3.059,0.3826,True,good,,T97,6202,110.0,80.0,30.0,True
ein_6208,einan,natufian,GolluDag,1.921,0.3828,True,GolluDag,4.309,0.2299,True,good,,I92b,6208,120.0,85.0,30.0,True
ein_6219,einan,natufian,GolluDag,5.257,0.0722,True,GolluDag,5.581,0.1338,True,repeat_divergent,Nb,H92c,6219,96.67,70.0,21.67,True
ein_6233,einan,natufian,GolluDag,8.198,0.0166,False,GolluDag,11.491,0.0093,False,repeat_divergent,Zr,R17b,6233,80.0,65.0,20.0,True
ein_6244,einan,natufian,GolluDag,8.198,0.0166,False,GolluDag,12.743,0.0052,False,repeat_divergent,Zr,J94c,6244,75.0,65.0,20.0,True
ein_6250,einan,natufian,GolluDag,6.353,0.0417,False,GolluDag,7.413,0.0598,True,repeat_divergent,Nb,O98b-c,6250,115.0,75.0,35.0,True
ein_6379A,einan,natufian,GolluDag,6.202,0.045,False,GolluDag,7.258,0.0641,True,good,,O94,6379A,90.0,70.0,20.0,True
ein_6379B,einan,natufian,GolluDag,4.525,0.1041,True,GolluDag,4.558,0.2072,True,good,,O94,6379B,100.0,70.0,30.0,True
ein_6427,einan,natufian,GolluDag,3.351,0.1872,True,GolluDag,3.719,0.2935,True,good,,R94,6427,110.0,75.0,30.0,True
ein_6431,einan,natufian,GolluDag,6.202,0.045,False,GolluDag,8.01,0.0458,False,good,,S95,6431,85.0,70.0,20.0,True
ein_6444A,einan,natufian,GolluDag,5.489,0.0643,True,GolluDag,7.304,0.0628,True,good,,S94b,6444A,84.0,72.0,20.0,True
ein_6444B,einan,natufian,GolluDag,3.9,0.1423,True,GolluDag,3.969,0.2648,True,good,,S94b,6444B,97.5,72.5,30.0,True
ein_6497,einan,natufian,EGD,0.113,0.9452,True,EGD,1.456,0.6924,True,repeat_divergent,Nb,P94,6497,95.0,75.0,25.0,True
ein_6500,einan,natufian,GolluDag,2.046,0.3596,True,GolluDag,2.833,0.4182,True,repeat_divergent,Zr,R94,6500,85.0,85.0,20.0,True
ein_6502,einan,natufian,GolluDag,1.921,0.3828,True,GolluDag,2.11,0.5498,True,repeat_divergent,Zr,S95,6502,102.5,85.0,30.0,True
ein_6522,einan,natufian,GolluDag,4.887,0.0868,True,GolluDag,6.724,0.0812,True,repeat_divergent,"Rb,Zr,Nb",Q94,6522,84.0,70.0,22.5,True
ein_6544,einan,natufian,GolluDag,4.525,0.1041,True,GolluDag,4.731,0.1926,True,single,,M92,6544,110.0,70.0,30.0,True
ein_6559,einan,natufian,GolluDag,10.5,0.0052,False,GolluDag,12.277,0.0065,False,single,,S36c,6559,90.0,60.0,20.0,True
ein_6578,einan,natufian,GolluDag,10.5,0.0052,False,GolluDag,12.277,0.0065,False,single,,Q95,6578,90.0,60.0,20.0,True
ein_6621,einan,natufian,GolluDag,4.525,0.1041,True,GolluDag,4.558,0.2072,True,single,,R95,6621,100.0,70.0,30.0,True
ein_6627,einan,natufian,GolluDag,7.162,0.0279,False,GolluDag,8.756,0.0327,False,good,,Q94,6627,87.5,67.5,20.0,True
ein_6662,einan,natufian,GolluDag,3.351,0.1872,True,GolluDag,3.719,0.2935,True,repeat_divergent,Rb,H92c,6662,110.0,75.0,30.0,True
ein_6682,einan,natufian,GolluDag,10.5,0.0052,False,GolluDag,12.277,0.0065,False,good,,R95,6682,90.0,60.0,20.0,True
ein_6698,einan,natufian,GolluDag,10.5,0.0052,False,GolluDag,14.37,0.0024,False,good,,I92b,6698,80.0,60.0,20.0,True
ein_6722,einan,natufian,GolluDag,6.202,0.045,False,GolluDag,8.01,0.0458,False,good,,M91a,6722,85.0,70.0,20.0,True
ein_6751,einan,natufian,GolluDag,1.664,0.4353,True,GolluDag,1.848,0.6045,True,single,,M92c,6751,100.0,90.0,30.0,True
ein_6775,einan,natufian,GolluDag,8.198,0.0166,False,GolluDag,9.591,0.0224,False,repeat_divergent,Zr,S96,6775,90.0,65.0,20.0,True
ein_6780,einan,natufian,GolluDag,4.525,0.1041,True,GolluDag,4.558,0.2072,True,good,,R95,6780,100.0,70.0,30.0,True
ein_6806,einan,natufian,GolluDag,3.092,0.213,True,GolluDag,3.115,0.3742,True,repeat_divergent,Nb,K99a,6806,100.0,73.33,26.67,True
ein_6873,einan,natufian,GolluDag,4.525,0.1041,True,GolluDag,4.544,0.2084,True,good,,R95a,6873,105.0,70.0,30.0,True
ein_7092,einan,natufian,GolluDag,8.198,0.0166,False,GolluDag,10.441,0.0152,False,repeat_divergent,"Rb,Zr",S96b,7092,85.0,65.0,20.0,True
ein_7345,einan,natufian,GolluDag,6.202,0.045,False,GolluDag,6.357,0.0955,True,single,,K98a,7345,100.0,70.0,20.0,True
ein_7346,einan,natufian,GolluDag,1.921,0.3828,True,GolluDag,1.997,0.573,True,good,,R96b,7346,100.0,85.0,30.0,True
ein_7347,einan,natufian,GolluDag,2.483,0.2889,True,GolluDag,6.593,0.0861,True,single,,L97b,7347,130.0,80.0,30.0,True
ein_7364,einan,natufian,GolluDag,2.483,0.2889,True,GolluDag,4.423,0.2192,True,single,,J95b,7364,120.0,80.0,30.0,True
ein_7565,einan,natufian,GolluDag,1.664,0.4353,True,GolluDag,2.221,0.5278,True,good,,J98c,7565,105.0,90.0,30.0,True
ein_7675,einan,natufian,GolluDag,5.441,0.0659,True,GolluDag,8.697,0.0336,False,repeat_divergent,Nb,K95b,7675,120.0,90.0,35.0,True
ein_7786,einan,natufian,GolluDag,6.202,0.045,False,GolluDag,7.258,0.0641,True,good,,N99,7786,90.0,70.0,20.0,True
ein_7819,einan,natufian,GolluDag,3.351,0.1872,True,GolluDag,3.352,0.3405,True,good,,M96,7819,100.0,75.0,30.0,True
ein_7835,einan,natufian,GolluDag,6.202,0.045,False,GolluDag,8.964,0.0298,False,single,,N95c,7835,80.0,70.0,20.0,True
ein_7855a,einan,natufian,GolluDag,4.525,0.1041,True,GolluDag,4.558,0.2072,True,good,,M96,7855a,100.0,70.0,30.0,True
ein_7988,einan,natufian,GolluDag,4.525,0.1041,True,GolluDag,4.544,0.2084,True,good,,N96d,7988,105.0,70.0,30.0,True
ein_7989,einan,natufian,EGD,0.989,0.61,True,EGD,2.452,0.4841,True,repeat_divergent,Nb,H95d,7989,95.0,70.0,25.0,True
ein_8013,einan,natufian,GolluDag,6.202,0.045,False,GolluDag,6.357,0.0955,True,single,,N94d,8013,100.0,70.0,20.0,True
ein_8025,einan,natufian,EGD,0.113,0.9452,True,EGD,1.456,0.6924,True,repeat_divergent,Nb,M94b,8025,95.0,75.0,25.0,True
ein_8073,einan,natufian,GolluDag,4.525,0.1041,True,GolluDag,4.558,0.2072,True,single,,N99b,8073,100.0,70.0,30.0,True
ein_8082,einan,natufian,GolluDag,10.606,0.005,False,GolluDag,15.828,0.0012,False,single,,N95a,8082,110.0,130.0,30.0,True
ein_8119,einan,natufian,GolluDag,4.525,0.1041,True,GolluDag,5.189,0.1584,True,single,,M94b,8119,90.0,70.0,30.0,True
ein_8688,einan,natufian,GolluDag,4.525,0.1041,True,GolluDag,4.558,0.2072,True,single,,L97b,8688,100.0,70.0,30.0,True
ein_9485,einan,natufian,GolluDag,7.497,0.0235,False,GolluDag,9.295,0.0256,False,good,,F99b,9485,86.67,66.67,20.0,True
mot_04727CTE,motza,EPPNB,GolluDag,8.198,0.0166,False,GolluDag,10.441,0.0152,False,repeat_divergent,Zr,4037,04727CTE,85.0,65.0,20.0,True
mot_40014a,motza,EPPNB,EGD,6.862,0.0324,False,EGD,7.046,0.0705,True,repeat_divergent,Nb,2136,40014a,90.0,60.0,25.0,True
mot_40014b,motza,EPPNB,GolluDag,10.5,0.0052,False,GolluDag,14.37,0.0024,False,good,,2136,40014b,80.0,60.0,20.0,True
mot_40055,motza,EPPNB,GolluDag,10.5,0.0052,False,GolluDag,13.223,0.0042,False,good,,4004,40055,85.0,60.0,20.0,True
mot_40086,motza,EPPNB,GolluDag,10.5,0.0052,False,GolluDag,14.37,0.0024,False,good,,4000,40086,80.0,60.0,20.0,True
mot_40120,motza,EPPNB,GolluDag,10.5,0.0052,False,GolluDag,12.277,0.0065,False,good,,4006,40120,90.0,60.0,20.0,True
mot_40123,motza,EPPNB,GolluDag,4.511,0.1048,True,GolluDag,5.932,0.1149,True,good,,4000,40123,85.0,75.0,20.0,True
mot_40136,motza,EPPNB,GolluDag,10.5,0.0052,False,GolluDag,12.277,0.0065,False,good,,4006,40136,90.0,60.0,20.0,True
mot_40142,motza,EPPNB,GolluDag,10.5,0.0052,False,GolluDag,14.37,0.0024,False,good,,4000,40142,80.0,60.0,20.0,True
mot_40142a,motza,EPPNB,GolluDag,1.664,0.4353,True,GolluDag,4.547,0.2081,True,good,,4006,40142a,120.0,90.0,30.0,True
mot_40142b,motza,EPPNB,GolluDag,10.5,0.0052,False,GolluDag,12.277,0.0065,False,good,,4006,40142b,90.0,60.0,20.0,True
mot_40168,motza,EPPNB,GolluDag,10.5,0.0052,False,GolluDag,14.37,0.0024,False,good,,4008,40168,80.0,60.0,20.0,True
mot_40173,motza,EPPNB,EGD,0.989,0.61,True,GolluDag,4.252,0.2355,True,repeat_divergent,Nb,4011,40173,100.0,70.0,25.0,False
mot_40202,motza,EPPNB,GolluDag,8.198,0.0166,False,GolluDag,9.591,0.0224,False,repeat_divergent,Zr,4014,40202,90.0,65.0,20.0,True
mot_40208,motza,EPPNB,GolluDag,10.5,0.0052,False,GolluDag,13.223,0.0042,False,good,,?,40208,85.0,60.0,20.0,True
mot_40209,motza,EPPNB,GolluDag,8.198,0.0166,False,GolluDag,8.943,0.0301,False,repeat_divergent,Zr,4011,40209,95.0,65.0,20.0,True
mot_40224a,motza,EPPNB,GolluDag,10.5,0.0052,False,GolluDag,12.277,0.0065,False,good,,4011,40224a,90.0,60.0,20.0,True
mot_40224b,motza,EPPNB,EGD,6.862,0.0324,False,GolluDag,8.302,0.0402,False,repeat_divergent,Nb,4011,40224b,100.0,60.0,25.0,False
mot_40237,motza,EPPNB,GolluDag,10.5,0.0052,False,GolluDag,12.277,0.0065,False,good,,4008,40237,90.0,60.0,20.0,True
mot_40237a,motza,EPPNB,GolluDag,3.351,0.1872,True,GolluDag,4.204,0.2403,True,good,,4008,40237a,115.0,75.0,30.0,True
mot_40237b,motza,EPPNB,GolluDag,8.198,0.0166,False,GolluDag,10.441,0.0152,False,repeat_divergent,Zr,4008,40237b,85.0,65.0,20.0,True
mot_40243,motza,EPPNB,GolluDag,10.5,0.0052,False,GolluDag,12.277,0.0065,False,good,,4014,40243,90.0,60.0,20.0,True
mot_40274a,motza,EPPNB,GolluDag,2.483,0.2889,True,GolluDag,4.423,0.2192,True,beam_minimal,,?,40274a,120.0,80.0,30.0,True
mot_40274b,motza,EPPNB,GolluDag,6.202,0.045,False,GolluDag,6.707,0.0819,True,good,,?,40274b,95.0,70.0,20.0,True
mot_40286,motza,EPPNB,GolluDag,3.126,0.2096,True,GolluDag,3.648,0.3021,True,repeat_divergent,Zr,4020,40286,90.0,80.0,20.0,True
mot_40286CTE,motza,EPPNB,GolluDag,8.198,0.0166,False,GolluDag,9.591,0.0224,False,repeat_divergent,Zr,4020,40286CTE,90.0,65.0,20.0,True
mot_40314,motza,EPPNB,GolluDag,10.5,0.0052,False,GolluDag,14.37,0.0024,False,good,,4071,40314,80.0,60.0,20.0,True
mot_40330,motza,EPPNB,GolluDag,6.202,0.045,False,GolluDag,7.258,0.0641,True,good,,4070,40330,90.0,70.0,20.0,True
mot_40337,motza,EPPNB,GolluDag,9.311,0.0095,False,GolluDag,12.887,0.0049,False,good,,4021,40337,80.0,62.5,20.0,True
mot_40337PE,motza,EPPNB,GolluDag,10.5,0.0052,False,GolluDag,14.37,0.0024,False,good,,4021,40337PE,80.0,60.0,20.0,True
mot_40337a,motza,EPPNB,GolluDag,1.664,0.4353,True,GolluDag,2.796,0.4242,True,repeat_divergent,Zr,4021,40337a,110.0,90.0,30.0,True
mot_40337aBS,motza,EPPNB,EGD,0.989,0.61,True,GolluDag,4.252,0.2355,True,repeat_divergent,Nb,4021,40337aBS,100.0,70.0,25.0,False
mot_40337b,motza,EPPNB,GolluDag,4.525,0.1041,True,GolluDag,4.544,0.2084,True,good,,4021,40337b,105.0,70.0,30.0,True
mot_40337bBS,motza,EPPNB,GolluDag,10.5,0.0052,False,GolluDag,14.37,0.0024,False,good,,4021,40337bBS,80.0,60.0,20.0,True
mot_40337c,motza,EPPNB,GolluDag,3.351,0.1872,True,GolluDag,4.204,0.2403,True,good,,4021,40337c,115.0,75.0,30.0,True
mot_40337d,motza,EPPNB,GolluDag,1.712,0.4249,True,GolluDag,2.521,0.4715,True,good,,4021,40337d,105.0,95.0,30.0,True
mot_40346,motza,EPPNB,GolluDag,4.525,0.1041,True,GolluDag,4.544,0.2084,True,good,,4025,40346,105.0,70.0,30.0,True
mot_40353,motza,EPPNB,EGD,0.989,0.61,True,GolluDag,4.252,0.2355,True,repeat_divergent,Nb,4020,40353,100.0,70.0,25.0,False
mot_40355,motza,EPPNB,GolluDag,13.107,0.0014,False,GolluDag,17.602,0.0005,False,repeat_divergent,Zr,4025,40355,80.0,55.0,20.0,True
mot_40362,motza,EPPNB,GolluDag,10.5,0.0052,False,GolluDag,14.37,0.0024,False,good,,4020,40362,80.0,60.0,20.0,True
mot_40374,motza,EPPNB,GolluDag,13.107,0.0014,False,GolluDag,17.602,0.0005,False,repeat_divergent,Zr,4020,40374,80.0,55.0,20.0,True
mot_40380,motza,EPPNB,GolluDag,10.5,0.0052,False,GolluDag,14.37,0.0024,False,good,,4020,40380,80.0,60.0,20.0,True
mot_40381,motza,EPPNB,GolluDag,3.351,0.1872,True,GolluDag,3.719,0.2935,True,good,,4020,40381,110.0,75.0,30.0,True
mot_40382,motza,EPPNB,GolluDag,4.525,0.1041,True,GolluDag,4.558,0.2072,True,good,,4020,40382,100.0,70.0,30.0,True
mot_40385,motza,EPPNB,EGD,6.862,0.0324,False,EGD,8.58,0.0354,False,repeat_divergent,Nb,4020,40385,95.0,60.0,25.0,True
mot_40410,motza,EPPNB,GolluDag,6.202,0.045,False,GolluDag,6.357,0.0955,True,good,,4025,40410,100.0,70.0,20.0,True
mot_40411,motza,EPPNB,GolluDag,8.198,0.0166,False,GolluDag,9.591,0.0224,False,repeat_divergent,Zr,4023,40411,90.0,65.0,20.0,True
mot_40431,motza,EPPNB,GolluDag,10.5,0.0052,False,GolluDag,12.277,0.0065,False,good,,4021,40431,90.0,60.0,20.0,True
mot_40433,motza,EPPNB,GolluDag,8.198,0.0166,False,GolluDag,11.491,0.0093,False,repeat_divergent,Zr,4029,40433,80.0,65.0,20.0,True
mot_40443,motza,EPPNB,GolluDag,7.162,0.0279,False,GolluDag,8.756,0.0327,False,good,,4029,40443,87.5,67.5,20.0,True
mot_40443b,motza,EPPNB,GolluDag,6.202,0.045,False,GolluDag,7.258,0.0641,True,good,,4029,40443b,90.0,70.0,20.0,True
mot_40450,motza,EPPNB,GolluDag,11.766,0.0028,False,GolluDag,15.942,0.0012,False,good,,4029,40450,80.0,57.5,20.0,True
mot_40451,motza,EPPNB,GolluDag,10.5,0.0052,False,GolluDag,13.223,0.0042,False,good,,4021,40451,85.0,60.0,20.0,True
mot_40467,motza,EPPNB,GolluDag,8.198,0.0166,False,GolluDag,11.491,0.0093,False,repeat_divergent,Zr,4029,40467,80.0,65.0,20.0,True
mot_40467CTE,motza,EPPNB,GolluDag,10.5,0.0052,False,GolluDag,14.37,0.0024,False,good,,4029,40467CTE,80.0,60.0,20.0,True
mot_40470,motza,EPPNB,EGD,0.989,0.61,True,GolluDag,4.252,0.2355,True,repeat_divergent,Nb,4024,40470,100.0,70.0,25.0,False
mot_40475,motza,EPPNB,GolluDag,6.004,0.0497,False,GolluDag,6.115,0.1061,True,repeat_divergent,Zr,4029,40475,100.0,65.0,30.0,True
mot_40484,motza,EPPNB,GolluDag,10.5,0.0052,False,GolluDag,14.37,0.0024,False,good,,4029,40484,80.0,60.0,20.0,True
mot_40484a,motza,EPPNB,GolluDag,8.198,0.0166,False,GolluDag,8.943,0.0301,False,repeat_divergent,Zr,4029,40484a,95.0,65.0,20.0,True
mot_40484b,motza,EPPNB,GolluDag,4.525,0.1041,True,GolluDag,4.544,0.2084,True,good,,4029,40484b,105.0,70.0,30.0,True
mot_40487,motza,EPPNB,GolluDag,0.803,0.6694,True,GolluDag,1.611,0.6569,True,repeat_divergent,"Rb,Zr",4029,40487,80.0,95.0,20.0,True
mot_40506,motza,EPPNB,GolluDag,3.351,0.1872,True,GolluDag,3.435,0.3293,True,good,,4025,40506,105.0,75.0,30.0,True
mot_40513,motza,EPPNB,GolluDag,4.511,0.1048,True,GolluDag,5.277,0.1526,True,good,,4029,40513,90.0,75.0,20.0,True
mot_40513CTE,motza,EPPNB,GolluDag,10.5,0.0052,False,GolluDag,14.37,0.0024,False,good,,4029,40513CTE,80.0,60.0,20.0,True
mot_40514,motza,EPPNB,EGD,0.989,0.61,True,EGD,2.452,0.4841,True,repeat_divergent,Nb,4023,40514,95.0,70.0,25.0,True
mot_40522,motza,EPPNB,GolluDag,10.5,0.0052,False,GolluDag,14.37,0.0024,False,good,,4025,40522,80.0,60.0,20.0,True
mot_40524a,motza,EPPNB,GolluDag,8.198,0.0166,False,GolluDag,11.491,0.0093,False,repeat_divergent,Zr,4029,40524a,80.0,65.0,20.0,True
mot_40524b,motza,EPPNB,GolluDag,8.198,0.0166,False,GolluDag,9.591,0.0224,False,repeat_divergent,Zr,4029,40524b,90.0,65.0,20.0,True
mot_40524c,motza,EPPNB,GolluDag,10.5,0.0052,False,GolluDag,14.37,0.0024,False,good,,4029,40524c,80.0,60.0,20.0,True
mot_40524d,motza,EPPNB,GolluDag,10.5,0.0052,False,GolluDag,14.37,0.0024,False,good,,4029,40524d,80.0,60.0,20.0,True
mot_40532,motza,EPPNB,GolluDag,4.525,0.1041,True,GolluDag,4.731,0.1926,True,good,,4029,40532,110.0,70.0,30.0,True
mot_40549,motza,EPPNB,GolluDag,4.511,0.1048,True,GolluDag,5.932,0.1149,True,good,,4033,40549,85.0,75.0,20.0,True
mot_40551,motza,EPPNB,GolluDag,16.02,0.0003,False,GolluDag,22.727,0.0,False,good,,4030,40551,75.0,50.0,20.0,True
mot_40556a,motza,EPPNB,GolluDag,10.5,0.0052,False,GolluDag,12.277,0.0065,False,good,,4029,40556a,90.0,60.0,20.0,True
mot_40556b,motza,EPPNB,GolluDag,10.5,0.0052,False,GolluDag,14.37,0.0024,False,good,,4029,40556b,80.0,60.0,20.0,True
mot_40559,motza,EPPNB,GolluDag,10.5,0.0052,False,GolluDag,14.37,0.0024,False,good,,4029,40559,80.0,60.0,20.0,True
mot_40572,motza,EPPNB,GolluDag,6.004,0.0497,False,GolluDag,6.115,0.1061,True,repeat_divergent,Zr,4029,40572,100.0,65.0,30.0,True
mot_40586a,motza,EPPNB,GolluDag,3.351,0.1872,True,GolluDag,3.719,0.2935,True,repeat_divergent,Rb,4029,40586a,110.0,75.0,30.0,True
mot_40586b,motza,EPPNB,GolluDag,8.198,0.0166,False,GolluDag,8.496,0.0368,False,repeat_divergent,Zr,4029,40586b,100.0,65.0,20.0,True
mot_40586c,motza,EPPNB,GolluDag,4.525,0.1041,True,GolluDag,4.558,0.2072,True,good,,4029,40586c,100.0,70.0,30.0,True
mot_40589PE,motza,EPPNB,GolluDag,10.5,0.0052,False,GolluDag,14.37,0.0024,False,good,,4036,40589PE,80.0,60.0,20.0,True
mot_40599,motza,EPPNB,EGD,3.238,0.1981,True,GolluDag,6.101,0.1068,True,repeat_divergent,"Zr,Nb",4036,40599,100.0,65.0,25.0,False
mot_40599a,motza,EPPNB,GolluDag,8.198,0.0166,False,GolluDag,9.591,0.0224,False,repeat_divergent,Zr,4036,40599a,90.0,65.0,20.0,True
mot_40599b,motza,EPPNB,GolluDag,1.162,0.5594,True,GolluDag,1.171,0.76,True,repeat_divergent,"Zr,Nb",4036,40599b,100.0,82.5,25.0,True
mot_40599c,motza,EPPNB,GolluDag,10.5,0.0052,False,GolluDag,12.277,0.0065,False,good,,4036,40599c,90.0,60.0,20.0,True
mot_40603,motza,EPPNB,GolluDag,10.5,0.0052,False,GolluDag,12.725,0.0053,False,good,,4029,40603,87.5,60.0,20.0,True
mot_40603PE,motza,EPPNB,GolluDag,8.198,0.0166,False,GolluDag,10.441,0.0152,False,repeat_divergent,Zr,4029,40603PE,85.0,65.0,20.0,True
mot_40616,motza,EPPNB,GolluDag,7.802,0.0202,False,GolluDag,10.115,0.0176,False,repeat_divergent,Nb,4029,40616,85.0,62.5,22.5,True
mot_40621,motza,EPPNB,GolluDag,10.5,0.0052,False,GolluDag,14.37,0.0024,False,repeat_divergent,"Rb,Zr",4029,40621,80.0,60.0,20.0,True
mot_40629,motza,EPPNB,GolluDag,6.202,0.045,False,GolluDag,6.707,0.0819,True,good,,5054,40629,95.0,70.0,20.0,True
mot_40632,motza,EPPNB,GolluDag,8.198,0.0166,False,GolluDag,11.491,0.0093,False,repeat_divergent,Zr,4029,40632,80.0,65.0,20.0,True
mot_40634,motza,EPPNB,GolluDag,7.162,0.0279,False,GolluDag,9.182,0.027,False,good,,4021,40634,85.0,67.5,20.0,True
mot_40634a,motza,EPPNB,GolluDag,6.202,0.045,False,GolluDag,6.357,0.0955,True,good,,4021,40634a,100.0,70.0,20.0,True
mot_40634b,motza,EPPNB,GolluDag,3.351,0.1872,True,GolluDag,4.204,0.2403,True,good,,4021,40634b,115.0,75.0,30.0,True
mot_40634c,motza,EPPNB,GolluDag,7.084,0.029,False,GolluDag,9.592,0.0224,False,repeat_divergent,Nb,4021,40634c,83.33,63.33,23.33,True
mot_40634d,motza,EPPNB,GolluDag,2.483,0.2889,True,GolluDag,3.059,0.3826,True,good,,4021,40634d,110.0,80.0,30.0,True
mot_40648,motza,EPPNB,GolluDag,10.5,0.0052,False,GolluDag,12.277,0.0065,False,good,,4029,40648,90.0,60.0,20.0,True
mot_40653,motza,EPPNB,GolluDag,7.084,0.029,False,GolluDag,8.966,0.0297,False,repeat_divergent,"Rb,Nb",4029,40653,86.67,63.33,23.33,True
mot_40653BS,motza,EPPNB,GolluDag,4.525,0.1041,True,GolluDag,4.558,0.2072,True,good,,4029,40653BS,100.0,70.0,30.0,True
mot_40664,motza,EPPNB,EGD,0.989,0.61,True,EGD,2.452,0.4841,True,repeat_divergent,Nb,4040,40664,95.0,70.0,25.0,True
mot_40665,motza,EPPNB,GolluDag,10.5,0.0052,False,GolluDag,12.277,0.0065,False,good,,4040,40665,90.0,60.0,20.0,True
mot_40687,motza,EPPNB,GolluDag,5.783,0.0555,True,GolluDag,9.182,0.027,False,repeat_divergent,Nb,4040,40687,77.5,67.5,22.5,True
mot_40697a,motza,EPPNB,GolluDag,5.743,0.0566,True,GolluDag,10.295,0.0162,False,repeat_divergent,Nb,4040,40697a,130.0,80.0,35.0,True
mot_40697b,motza,EPPNB,GolluDag,4.525,0.1041,True,GolluDag,4.773,0.1892,True,good,,4040,40697b,95.0,70.0,30.0,True
mot_40713,motza,EPPNB,GolluDag,4.525,0.1041,True,GolluDag,4.544,0.2084,True,good,,4040,40713,105.0,70.0,30.0,True
mot_40714,motza,EPPNB,GolluDag,6.202,0.045,False,GolluDag,6.707,0.0819,True,good,,4040,40714,95.0,70.0,20.0,True
mot_40724,motza,EPPNB,EGD,0.113,0.9452,True,GolluDag,2.738,0.4338,True,repeat_divergent,"Rb,Nb",4037,40724,102.5,75.0,25.0,False
mot_40724a,motza,EPPNB,GolluDag,8.198,0.0166,False,GolluDag,9.591,0.0224,False,repeat_divergent,Zr,4037,40724a,90.0,65.0,20.0,True
mot_40724b,motza,EPPNB,GolluDag,10.5,0.0052,False,GolluDag,12.277,0.0065,False,good,,4037,40724b,90.0,60.0,20.0,True
mot_40727a,motza,EPPNB,GolluDag,10.5,0.0052,False,GolluDag,12.277,0.0065,False,good,,4037,40727a,90.0,60.0,20.0,True
mot_40727b,motza,EPPNB,GolluDag,6.202,0.045,False,GolluDag,8.01,0.0458,False,repeat_divergent,Zr,4037,40727b,85.0,70.0,20.0,True
mot_40729,motza,EPPNB,GolluDag,8.198,0.0166,False,GolluDag,9.591,0.0224,False,repeat_divergent,Zr,4040,40729,90.0,65.0,20.0,True
mot_40739,motza,EPPNB,GolluDag,9.311,0.0095,False,GolluDag,11.788,0.0081,False,good,,4097,40739,85.0,62.5,20.0,True
mot_40741,motza,EPPNB,GolluDag,10.5,0.0052,False,GolluDag,14.37,0.0024,False,good,,4037,40741,80.0,60.0,20.0,True
mot_40743,motza,EPPNB,GolluDag,11.766,0.0028,False,GolluDag,15.319,0.0016,False,repeat_divergent,Rb,4040,40743,82.5,57.5,20.0,True
mot_40760,motza,EPPNB,EGD,2.77,0.2503,True,EGD,3.22,0.359,True,repeat_divergent,"Rb,Zr,Nb",4037,40760,93.33,65.83,25.0,True
mot_40764,motza,EPPNB,GolluDag,10.5,0.0052,False,GolluDag,13.223,0.0042,False,good,,4040,40764,85.0,60.0,20.0,True
mot_40769,motza,EPPNB,EGD,0.989,0.61,True,EGD,2.452,0.4841,True,repeat_divergent,Nb,4040,40769,95.0,70.0,25.0,True
mot_40769CTE,motza,EPPNB,GolluDag,13.107,0.0014,False,GolluDag,17.602,0.0005,False,repeat_divergent,Zr,4040,40769CTE,80.0,55.0,20.0,True
mot_40783,motza,EPPNB,GolluDag,3.351,0.1872,True,GolluDag,4.204,0.2403,True,good,,4040,40783,115.0,75.0,30.0,True
mot_40789,motza,EPPNB,GolluDag,10.5,0.0052,False,GolluDag,14.37,0.0024,False,good,,4040,40789,80.0,60.0,20.0,True
mot_40802,motza,EPPNB,GolluDag,10.5,0.0052,False,GolluDag,14.37,0.0024,False,good,,4051,40802,80.0,60.0,20.0,True
mot_40809,motza,EPPNB,GolluDag,6.202,0.045,False,GolluDag,8.01,0.0458,False,good,,4030,40809,85.0,70.0,20.0,True
mot_40809CTE,motza,EPPNB,GolluDag,10.5,0.0052,False,GolluDag,14.37,0.0024,False,good,,4030,40809CTE,80.0,60.0,20.0,True
mot_40810,motza,EPPNB,GolluDag,2.483,0.2889,True,GolluDag,3.641,0.303,True,good,,4050,40810,115.0,80.0,30.0,True
mot_40814,motza,EPPNB,GolluDag,2.066,0.3559,True,GolluDag,2.606,0.4564,True,repeat_divergent,Zr,4050,40814,100.0,100.0,30.0,True
mot_40816,motza,EPPNB,GolluDag,9.311,0.0095,False,GolluDag,11.314,0.0101,False,good,,4050,40816,87.5,62.5,20.0,True
mot_40822,motza,EPPNB,GolluDag,9.311,0.0095,False,GolluDag,11.788,0.0081,False,good,,4050,40822,85.0,62.5,20.0,True
mot_40822CTE,motza,EPPNB,GolluDag,8.198,0.0166,False,GolluDag,11.491,0.0093,False,repeat_divergent,Zr,4050,40822CTE,80.0,65.0,20.0,True
mot_40822a,motza,EPPNB,GolluDag,4.525,0.1041,True,GolluDag,4.731,0.1926,True,good,,4050,40822a,110.0,70.0,30.0,True
mot_40822b,motza,EPPNB,GolluDag,3.351,0.1872,True,GolluDag,3.435,0.3293,True,good,,4050,40822b,105.0,75.0,30.0,True
mot_40822c,motza,EPPNB,GolluDag,4.525,0.1041,True,GolluDag,4.544,0.2084,True,good,,4050,40822c,105.0,70.0,30.0,True
mot_40822d,motza,EPPNB,GolluDag,4.525,0.1041,True,GolluDag,4.773,0.1892,True,good,,4050,40822d,95.0,70.0,30.0,True
mot_40822e,motza,EPPNB,GolluDag,3.351,0.1872,True,GolluDag,3.719,0.2935,True,good,,4050,40822e,110.0,75.0,30.0,True
mot_40822f,motza,EPPNB,GolluDag,6.202,0.045,False,GolluDag,6.707,0.0819,True,good,,4050,40822f,95.0,70.0,20.0,True
mot_40831,motza,EPPNB,GolluDag,10.5,0.0052,False,GolluDag,14.37,0.0024,False,good,,4052,40831,80.0,60.0,20.0,True
mot_40831a,motza,EPPNB,GolluDag,3.351,0.1872,True,GolluDag,3.719,0.2935,True,good,,4052,40831a,110.0,75.0,30.0,True
mot_40831b,motza,EPPNB,GolluDag,6.202,0.045,False,GolluDag,7.258,0.0641,True,good,,4052,40831b,90.0,70.0,20.0,True
mot_40835,motza,EPPNB,EGD,0.989,0.61,True,EGD,1.104,0.7761,True,repeat_divergent,"Rb,Zr,Nb",4050,40835,92.5,70.0,25.0,True
mot_40848,motza,EPPNB,GolluDag,8.198,0.0166,False,GolluDag,11.118,0.0111,False,good,,4052,40848,81.67,65.0,20.0,True
mot_40866,motza,EPPNB,GolluDag,7.162,0.0279,False,GolluDag,8.756,0.0327,False,good,,4037,40866,87.5,67.5,20.0,True
mot_40871a,motza,EPPNB,GolluDag,8.198,0.0166,False,GolluDag,10.441,0.0152,False,repeat_divergent,Zr,4052,40871a,85.0,65.0,20.0,True
mot_40871b,motza,EPPNB,GolluDag,6.202,0.045,False,GolluDag,6.357,0.0955,True,good,,4052,40871b,100.0,70.0,20.0,True
mot_40874a,motza,EPPNB,EGD,0.989,0.61,True,EGD,2.452,0.4841,True,repeat_divergent,Nb,4052,40874a,95.0,70.0,25.0,True
mot_40874b,motza,EPPNB,GolluDag,10.5,0.0052,False,GolluDag,14.37,0.0024,False,good,,4052,40874b,80.0,60.0,20.0,True
mot_40884,motza,EPPNB,GolluDag,7.162,0.0279,False,GolluDag,9.182,0.027,False,repeat_divergent,Zr,4052,40884,85.0,67.5,20.0,True
mot_40902,motza,EPPNB,GolluDag,6.202,0.045,False,GolluDag,7.258,0.0641,True,repeat_divergent,Zr,4052,40902,90.0,70.0,20.0,True
mot_40902a,motza,EPPNB,EGD,0.989,0.61,True,GolluDag,4.252,0.2355,True,repeat_divergent,"Rb,Zr,Nb",4052,40902a,100.0,70.0,25.0,False
mot_40902b,motza,EPPNB,EGD,0.113,0.9452,True,EGD,1.456,0.6924,True,repeat_divergent,"Rb,Zr,Nb",4052,40902b,95.0,75.0,25.0,True
mot_40916BS,motza,EPPNB,EGD,0.113,0.9452,True,GolluDag,2.755,0.4309,True,beam_minimal+repeat_divergent,"Rb,Nb",4058,40916BS,100.0,75.0,25.0,False
mot_40918,motza,EPPNB,GolluDag,8.198,0.0166,False,GolluDag,10.441,0.0152,False,repeat_divergent,Zr,4052,40918,85.0,65.0,20.0,True
mot_40935,motza,EPPNB,GolluDag,3.351,0.1872,True,GolluDag,3.352,0.3405,True,repeat_divergent,Rb,4052,40935,100.0,75.0,30.0,True
mot_40935a,motza,EPPNB,GolluDag,7.789,0.0204,False,GolluDag,8.434,0.0378,False,good,,4052,40935a,95.0,60.0,30.0,True
mot_40935b,motza,EPPNB,GolluDag,6.202,0.045,False,GolluDag,6.707,0.0819,True,good,,4052,40935b,95.0,70.0,20.0,True
mot_40935c,motza,EPPNB,GolluDag,10.5,0.0052,False,GolluDag,12.277,0.0065,False,good,,4052,40935c,90.0,60.0,20.0,True
mot_40945a,motza,EPPNB,GolluDag,8.198,0.0166,False,GolluDag,8.943,0.0301,False,repeat_divergent,Zr,4053,40945a,95.0,65.0,20.0,True
mot_40945b,motza,EPPNB,GolluDag,6.202,0.045,False,GolluDag,6.707,0.0819,True,good,,4053,40945b,95.0,70.0,20.0,True
mot_40953,motza,EPPNB,GolluDag,10.5,0.0052,False,GolluDag,15.719,0.0013,False,good,,4052,40953,75.0,60.0,20.0,True
mot_40977,motza,EPPNB,EGD,6.862,0.0324,False,EGD,8.58,0.0354,False,repeat_divergent,Nb,4059,40977,95.0,60.0,25.0,True
mot_40977CTE,motza,EPPNB,EGD,0.989,0.61,True,EGD,2.452,0.4841,True,repeat_divergent,Nb,4059,40977CTE,95.0,70.0,25.0,True
mot_40984a,motza,EPPNB,GolluDag,2.483,0.2889,True,GolluDag,4.423,0.2192,True,beam_minimal+repeat_divergent,"Rb,Zr",4050,40984a,120.0,80.0,30.0,True
mot_40984b,motza,EPPNB,GolluDag,10.5,0.0052,False,GolluDag,13.223,0.0042,False,good,,4050,40984b,85.0,60.0,20.0,True
mot_40989,motza,EPPNB,GolluDag,4.525,0.1041,True,GolluDag,4.558,0.2072,True,good,,4050,40989,100.0,70.0,30.0,True
mot_40991,motza,EPPNB,GolluDag,10.5,0.0052,False,GolluDag,12.277,0.0065,False,good,,4050,40991,90.0,60.0,20.0,True
mot_40997,motza,EPPNB,GolluDag,10.5,0.0052,False,GolluDag,14.37,0.0024,False,good,,4060,40997,80.0,60.0,20.0,True
mot_41003,motza,EPPNB,GolluDag,4.511,0.1048,True,GolluDag,5.277,0.1526,True,good,,4050,41003,90.0,75.0,20.0,True
mot_41005a,motza,EPPNB,GolluDag,6.202,0.045,False,GolluDag,7.258,0.0641,True,good,,4050,41005a,90.0,70.0,20.0,True
mot_41005b,motza,EPPNB,GolluDag,8.198,0.0166,False,GolluDag,8.943,0.0301,False,repeat_divergent,Zr,4050,41005b,95.0,65.0,20.0,True
mot_41009a,motza,EPPNB,GolluDag,10.5,0.0052,False,GolluDag,13.223,0.0042,False,good,,4059,41009a,85.0,60.0,20.0,True
mot_41009b,motza,EPPNB,GolluDag,6.202,0.045,False,GolluDag,7.258,0.0641,True,good,,4059,41009b,90.0,70.0,20.0,True
mot_41019,motza,EPPNB,GolluDag,6.202,0.045,False,GolluDag,7.258,0.0641,True,good,,4050,41019,90.0,70.0,20.0,True
mot_41021,motza,EPPNB,GolluDag,10.5,0.0052,False,GolluDag,12.277,0.0065,False,good,,4050,41021,90.0,60.0,20.0,True
mot_41024,motza,EPPNB,GolluDag,8.198,0.0166,False,GolluDag,10.441,0.0152,False,repeat_divergent,Zr,4050,41024,85.0,65.0,20.0,True
mot_41024a,motza,EPPNB,GolluDag,10.5,0.0052,False,GolluDag,13.223,0.0042,False,good,,4050,41024a,85.0,60.0,20.0,True
mot_41024b,motza,EPPNB,EGD,0.113,0.9452,True,EGD,1.456,0.6924,True,repeat_divergent,Nb,4050,41024b,95.0,75.0,25.0,True
mot_41024c,motza,EPPNB,EGD,0.989,0.61,True,GolluDag,4.252,0.2355,True,repeat_divergent,Nb,4050,41024c,100.0,70.0,25.0,False
mot_41026,motza,EPPNB,EGD,0.113,0.9452,True,EGD,0.45,0.9298,True,repeat_divergent,"Rb,Nb",4037,41026,90.0,75.0,25.0,True
mot_41026a,motza,EPPNB,GolluDag,8.198,0.0166,False,GolluDag,9.591,0.0224,False,repeat_divergent,Zr,4037,41026a,90.0,65.0,20.0,True
mot_41026b,motza,EPPNB,GolluDag,3.351,0.1872,True,GolluDag,3.719,0.2935,True,good,,4037,41026b,110.0,75.0,30.0,True
mot_41031a,motza,EPPNB,GolluDag,8.198,0.0166,False,GolluDag,9.591,0.0224,False,repeat_divergent,Zr,4050,41031a,90.0,65.0,20.0,True
mot_41031b,motza,EPPNB,GolluDag,6.202,0.045,False,GolluDag,6.707,0.0819,True,good,,4050,41031b,95.0,70.0,20.0,True
mot_41031c,motza,EPPNB,GolluDag,10.5,0.0052,False,GolluDag,12.277,0.0065,False,good,,4050,41031c,90.0,60.0,20.0,True
mot_41037,motza,EPPNB,GolluDag,7.084,0.029,False,GolluDag,8.431,0.0379,False,repeat_divergent,Nb,4050,41037,90.0,63.33,23.33,True
mot_41042,motza,EPPNB,EGD,0.989,0.61,True,GolluDag,4.252,0.2355,True,repeat_divergent,Nb,4050,41042,100.0,70.0,25.0,False
mot_41042a,motza,EPPNB,EGD,0.113,0.9452,True,EGD,1.456,0.6924,True,repeat_divergent,Nb,4050,41042a,95.0,75.0,25.0,True
mot_41042b,motza,EPPNB,GolluDag,2.483,0.2889,True,GolluDag,3.059,0.3826,True,good,,4050,41042b,110.0,80.0,30.0,True
mot_41047,motza,EPPNB,GolluDag,3.351,0.1872,True,GolluDag,4.204,0.2403,True,good,,4050,41047,115.0,75.0,30.0,True
mot_41053a,motza,EPPNB,GolluDag,6.754,0.0341,False,GolluDag,7.693,0.0528,True,repeat_divergent,"Rb,Nb",4050,41053a,92.5,65.0,22.5,True
mot_41053b,motza,EPPNB,GolluDag,9.311,0.0095,False,GolluDag,12.312,0.0064,False,good,,4050,41053b,82.5,62.5,20.0,True
mot_41055,motza,EPPNB,GolluDag,10.5,0.0052,False,GolluDag,14.37,0.0024,False,good,,4050,41055,80.0,60.0,20.0,True
mot_41058,motza,EPPNB,EGD,0.989,0.61,True,EGD,2.452,0.4841,True,repeat_divergent,Nb,4050,41058,95.0,70.0,25.0,True
mot_41061,motza,EPPNB,GolluDag,10.5,0.0052,False,GolluDag,12.277,0.0065,False,good,,4050,41061,90.0,60.0,20.0,True
mot_41067,motza,EPPNB,GolluDag,10.5,0.0052,False,GolluDag,12.277,0.0065,False,good,,4050,41067,90.0,60.0,20.0,True
mot_41070A,motza,EPPNB,EGD,0.113,0.9452,True,GolluDag,2.755,0.4309,True,repeat_divergent,Nb,4050,41070A,100.0,75.0,25.0,False
mot_41070b,motza,EPPNB,GolluDag,1.664,0.4353,True,GolluDag,5.725,0.1258,True,good,,4050,41070b,125.0,90.0,30.0,True
mot_41085a,motza,EPPNB,GolluDag,8.198,0.0166,False,GolluDag,9.591,0.0224,False,repeat_divergent,Zr,4050,41085a,90.0,65.0,20.0,True
mot_41085b,motza,EPPNB,GolluDag,4.525,0.1041,True,GolluDag,4.558,0.2072,True,good,,4050,41085b,100.0,70.0,30.0,True
mot_41095a,motza,EPPNB,GolluDag,10.5,0.0052,False,GolluDag,12.277,0.0065,False,good,,4050,41095a,90.0,60.0,20.0,True
mot_41095b,motza,EPPNB,GolluDag,4.525,0.1041,True,GolluDag,4.544,0.2084,True,good,,4050,41095b,105.0,70.0,30.0,True
mot_41095c,motza,EPPNB,GolluDag,3.351,0.1872,True,GolluDag,3.352,0.3405,True,good,,4050,41095c,100.0,75.0,30.0,True
mot_41097BS,motza,EPPNB,EGD,3.238,0.1981,True,GolluDag,6.101,0.1068,True,repeat_divergent,"Zr,Nb",4050,41097BS,100.0,65.0,25.0,False
mot_41106,motza,EPPNB,GolluDag,10.5,0.0052,False,GolluDag,12.277,0.0065,False,good,,4050,41106,90.0,60.0,20.0,True
mot_41113a,motza,EPPNB,EGD,3.373,0.1851,True,EGD,3.845,0.2786,True,repeat_divergent,Nb,4050,41113a,96.67,70.0,26.67,True
mot_41121,motza,EPPNB,EGD,0.989,0.61,True,GolluDag,4.252,0.2355,True,repeat_divergent,Nb,4062,41121,100.0,70.0,25.0,False
mot_41123CTE,motza,EPPNB,GolluDag,8.198,0.0166,False,GolluDag,8.943,0.0301,False,repeat_divergent,Zr,4064,41123CTE,95.0,65.0,20.0,True
mot_41129,motza,EPPNB,GolluDag,8.198,0.0166,False,GolluDag,10.441,0.0152,False,repeat_divergent,Zr,4062,41129,85.0,65.0,20.0,True
mot_41131,motza,EPPNB,GolluDag,4.525,0.1041,True,GolluDag,4.558,0.2072,True,good,,4063,41131,100.0,70.0,30.0,True
mot_41131CTE,motza,EPPNB,GolluDag,10.5,0.0052,False,GolluDag,15.019,0.0018,False,good,,4063,41131CTE,77.5,60.0,20.0,True
mot_41135,motza,EPPNB,GolluDag,3.351,0.1872,True,GolluDag,3.719,0.2935,True,good,,4064,41135,110.0,75.0,30.0,True
mot_41135CTE,motza,EPPNB,GolluDag,10.5,0.0052,False,GolluDag,14.37,0.0024,False,good,,4064,41135CTE,80.0,60.0,20.0,True
mot_41135PE,motza,EPPNB,GolluDag,10.5,0.0052,False,GolluDag,13.223,0.0042,False,good,,4064,41135PE,85.0,60.0,20.0,True
mot_41137,motza,EPPNB,GolluDag,10.5,0.0052,False,GolluDag,14.37,0.0024,False,good,,4062,41137,80.0,60.0,20.0,True
mot_4113b,motza,EPPNB,GolluDag,6.202,0.045,False,GolluDag,6.357,0.0955,True,good,,4050,4113b,100.0,70.0,20.0,True
mot_41150,motza,EPPNB,GolluDag,10.5,0.0052,False,GolluDag,15.719,0.0013,False,good,,4062,41150,75.0,60.0,20.0,True
mot_41153,motza,EPPNB,GolluDag,10.5,0.0052,False,GolluDag,13.223,0.0042,False,good,,4062,41153,85.0,60.0,20.0,True
mot_41157,motza,EPPNB,GolluDag,8.198,0.0166,False,GolluDag,10.441,0.0152,False,repeat_divergent,Zr,4065,41157,85.0,65.0,20.0,True
mot_41157a,motza,EPPNB,GolluDag,2.483,0.2889,True,GolluDag,3.059,0.3826,True,good,,4065,41157a,110.0,80.0,30.0,True
mot_41157b,motza,EPPNB,GolluDag,8.198,0.0166,False,GolluDag,9.591,0.0224,False,repeat_divergent,Zr,4065,41157b,90.0,65.0,20.0,True
mot_41157c,motza,EPPNB,GolluDag,2.066,0.3559,True,GolluDag,2.864,0.413,True,repeat_divergent,Zr,4065,41157c,102.5,100.0,30.0,True
mot_41160,motza,EPPNB,EGD,0.989,0.61,True,EGD,2.452,0.4841,True,repeat_divergent,Nb,4050,41160,95.0,70.0,25.0,True
mot_41163a,motza,EPPNB,GolluDag,6.202,0.045,False,GolluDag,7.258,0.0641,True,good,,4062,41163a,90.0,70.0,20.0,True
mot_41163b,motza,EPPNB,GolluDag,10.5,0.0052,False,GolluDag,13.223,0.0042,False,good,,4062,41163b,85.0,60.0,20.0,True
mot_41163c,motza,EPPNB,GolluDag,4.511,0.1048,True,GolluDag,5.277,0.1526,True,good,,4062,41163c,90.0,75.0,20.0,True
mot_41173,motza,EPPNB,GolluDag,4.525,0.1041,True,GolluDag,4.544,0.2084,True,good,,4062,41173,105.0,70.0,30.0,True
mot_41178,motza,EPPNB,GolluDag,5.743,0.0566,True,GolluDag,9.042,0.0287,False,repeat_divergent,Nb,4069,41178,125.0,80.0,35.0,True
mot_41181,motza,EPPNB,EGD,0.989,0.61,True,GolluDag,4.368,0.2243,True,repeat_divergent,"Rb,Zr,Nb",4062,41181,97.5,70.0,25.0,False
mot_41196,motza,EPPNB,GolluDag,8.198,0.0166,False,GolluDag,10.441,0.0152,False,repeat_divergent,Zr,4070,41196,85.0,65.0,20.0,True
mot_41198,motza,EPPNB,GolluDag,2.358,0.3076,True,GolluDag,6.049,0.1093,True,good,,4070,41198,117.5,102.5,30.0,True
mot_41204a,motza,EPPNB,EGD,0.989,0.61,True,EGD,1.269,0.7364,True,repeat_divergent,Nb,4050,41204a,90.0,70.0,25.0,True
mot_41204b,motza,EPPNB,GolluDag,8.198,0.0166,False,GolluDag,9.591,0.0224,False,repeat_divergent,Zr,4050,41204b,90.0,65.0,20.0,True
mot_41211,motza,EPPNB,GolluDag,3.351,0.1872,True,GolluDag,4.204,0.2403,True,good,,4062,41211,115.0,75.0,30.0,True
mot_41217,motza,EPPNB,GolluDag,9.383,0.0092,False,GolluDag,12.717,0.0053,False,repeat_divergent,"Rb,Nb",4070,41217,81.67,60.0,21.67,True
mot_41217a,motza,EPPNB,GolluDag,8.198,0.0166,False,GolluDag,9.591,0.0224,False,repeat_divergent,Zr,4070,41217a,90.0,65.0,20.0,True
mot_41217b,motza,EPPNB,EGD,0.113,0.9452,True,EGD,1.456,0.6924,True,repeat_divergent,"Sr,Nb",4070,41217b,95.0,75.0,25.0,True
mot_41217c,motza,EPPNB,EGD,0.989,0.61,True,GolluDag,4.252,0.2355,True,repeat_divergent,Nb,4070,41217c,100.0,70.0,25.0,False
mot_41217d,motza,EPPNB,GolluDag,4.525,0.1041,True,GolluDag,4.731,0.1926,True,good,,4070,41217d,110.0,70.0,30.0,True
mot_41217e,motza,EPPNB,GolluDag,8.198,0.0166,False,GolluDag,9.591,0.0224,False,repeat_divergent,Zr,4070,41217e,90.0,65.0,20.0,True
mot_41220,motza,EPPNB,GolluDag,10.5,0.0052,False,GolluDag,14.37,0.0024,False,good,,4070,41220,80.0,60.0,20.0,True
mot_41241,motza,EPPNB,EGD,1.942,0.3787,True,EGD,2.196,0.5326,True,repeat_divergent,"Rb,Nb",4071,41241,90.0,67.5,25.0,True
mot_41241a,motza,EPPNB,GolluDag,6.538,0.0381,False,GolluDag,15.129,0.0017,False,beam_minimal+repeat_divergent,Zr,4071,41241a,125.0,120.0,30.0,True
mot_41241b,motza,EPPNB,GolluDag,10.5,0.0052,False,GolluDag,12.277,0.0065,False,good,,4071,41241b,90.0,60.0,20.0,True
mot_41243,motza,EPPNB,GolluDag,0.825,0.6619,True,GolluDag,1.206,0.7515,True,repeat_divergent,"Zr,Nb",4070,41243,105.0,87.5,27.5,True
mot_41244,motza,EPPNB,GolluDag,8.198,0.0166,False,GolluDag,11.491,0.0093,False,repeat_divergent,Zr,4071,41244,80.0,65.0,20.0,True
mot_41253,motza,EPPNB,GolluDag,8.198,0.0166,False,GolluDag,9.591,0.0224,False,repeat_divergent,Zr,4071,41253,90.0,65.0,20.0,True
mot_41253PE,motza,EPPNB,GolluDag,13.107,0.0014,False,GolluDag,16.358,0.001,False,repeat_divergent,Zr,4071,41253PE,85.0,55.0,20.0,True
mot_41256CTE,motza,EPPNB,EGD,0.989,0.61,True,EGD,2.452,0.4841,True,repeat_divergent,"Zr,Nb",4070,41256CTE,95.0,70.0,25.0,True
mot_41267,motza,EPPNB,GolluDag,10.5,0.0052,False,GolluDag,12.277,0.0065,False,good,,4071,41267,90.0,60.0,20.0,True
mot_41271,motza,EPPNB,GolluDag,4.525,0.1041,True,GolluDag,4.558,0.2072,True,good,,4071,41271,100.0,70.0,30.0,True
mot_41279a,motza,EPPNB,GolluDag,2.746,0.2534,True,GolluDag,2.804,0.4229,True,repeat_divergent,Nb,4072,41279a,97.5,75.0,27.5,True
mot_41279b,motza,EPPNB,EGD,1.942,0.3787,True,GolluDag,5.273,0.1529,True,repeat_divergent,Nb,4072,41279b,97.5,67.5,25.0,False
mot_41279c,motza,EPPNB,GolluDag,10.5,0.0052,False,GolluDag,12.277,0.0065,False,good,,4072,41279c,90.0,60.0,20.0,True
mot_41282a,motza,EPPNB,GolluDag,9.311,0.0095,False,GolluDag,11.314,0.0101,False,good,,4071,41282a,87.5,62.5,20.0,True
mot_41282b,motza,EPPNB,GolluDag,6.004,0.0497,False,GolluDag,6.246,0.1002,True,good,,4071,41282b,97.5,65.0,30.0,True
mot_41285,motza,EPPNB,EGD,4.878,0.0872,True,EGD,5.051,0.1681,True,repeat_divergent,Nb,4070,41285,92.5,62.5,25.0,True
mot_41293,motza,EPPNB,GolluDag,10.5,0.0052,False,GolluDag,14.37,0.0024,False,good,,4073,41293,80.0,60.0,20.0,True
mot_41295,motza,EPPNB,GolluDag,4.525,0.1041,True,GolluDag,4.544,0.2084,True,good,,4070,41295,105.0,70.0,30.0,True
mot_41295a,motza,EPPNB,GolluDag,7.084,0.029,False,GolluDag,8.966,0.0297,False,repeat_divergent,Nb,4070,41295a,86.67,63.33,23.33,True
mot_41295b,motza,EPPNB,GolluDag,10.5,0.0052,False,GolluDag,12.277,0.0065,False,good,,4070,41295b,90.0,60.0,20.0,True
mot_41295c,motza,EPPNB,GolluDag,10.5,0.0052,False,GolluDag,13.223,0.0042,False,good,,4070,41295c,85.0,60.0,20.0,True
mot_41310,motza,EPPNB,EGD,0.113,0.9452,True,EGD,1.456,0.6924,True,repeat_divergent,Nb,4070,41310,95.0,75.0,25.0,True
mot_41352,motza,EPPNB,GolluDag,12.562,0.0019,False,GolluDag,17.473,0.0006,False,good,,4070,41352,78.0,56.0,20.0,True
mot_41354,motza,EPPNB,GolluDag,6.754,0.0341,False,GolluDag,8.408,0.0383,False,repeat_divergent,"Rb,Nb",4070,41354,87.5,65.0,22.5,True
mot_41357,motza,EPPNB,GolluDag,6.202,0.045,False,GolluDag,7.258,0.0641,True,good,,4080,41357,90.0,70.0,20.0,True
mot_41361,motza,EPPNB,EGD,3.589,0.1662,True,EGD,4.084,0.2525,True,repeat_divergent,"Rb,Zr,Nb",4075,41361,96.67,68.33,26.67,True
mot_41363,motza,EPPNB,GolluDag,3.9,0.1423,True,GolluDag,4.038,0.2574,True,good,,4070,41363,107.5,72.5,30.0,True
mot_41364a,motza,EPPNB,GolluDag,7.497,0.0235,False,GolluDag,8.773,0.0325,False,good,,4076,41364a,90.0,66.67,20.0,True
mot_41364b,motza,EPPNB,GolluDag,10.5,0.0052,False,GolluDag,13.223,0.0042,False,good,,4076,41364b,85.0,60.0,20.0,True
mot_41372,motza,EPPNB,GolluDag,8.198,0.0166,False,GolluDag,11.491,0.0093,False,repeat_divergent,Zr,4076,41372,80.0,65.0,20.0,True
mot_41372a,motza,EPPNB,GolluDag,4.525,0.1041,True,GolluDag,4.558,0.2072,True,good,,4076,41372a,100.0,70.0,30.0,True
mot_41372b,motza,EPPNB,GolluDag,4.525,0.1041,True,GolluDag,4.731,0.1926,True,good,,4076,41372b,110.0,70.0,30.0,True
mot_41531,motza,EPPNB,GolluDag,10.5,0.0052,False,GolluDag,12.277,0.0065,False,good,,4070,41531,90.0,60.0,20.0,True
mot_45716,motza,EPPNB,GolluDag,2.483,0.2889,True,GolluDag,3.059,0.3826,True,good,,4040,45716,110.0,80.0,30.0,True
mot_50024,motza,EPPNB,GolluDag,8.198,0.0166,False,GolluDag,11.491,0.0093,False,repeat_divergent,Zr,k17a,50024,80.0,65.0,20.0,True
mot_50030,motza,EPPNB,GolluDag,10.5,0.0052,False,GolluDag,13.223,0.0042,False,good,,5044,50030,85.0,60.0,20.0,True
mot_50053,motza,EPPNB,GolluDag,10.5,0.0052,False,GolluDag,14.37,0.0024,False,good,,511,50053,80.0,60.0,20.0,True
mot_50085,motza,EPPNB,GolluDag,10.5,0.0052,False,GolluDag,14.37,0.0024,False,good,,5016,50085,80.0,60.0,20.0,True
mot_50085BS,motza,EPPNB,GolluDag,10.5,0.0052,False,GolluDag,12.277,0.0065,False,good,,5016,50085BS,90.0,60.0,20.0,True
mot_50098,motza,EPPNB,GolluDag,10.5,0.0052,False,GolluDag,12.277,0.0065,False,good,,5018,50098,90.0,60.0,20.0,True
mot_50104,motza,EPPNB,GolluDag,4.525,0.1041,True,GolluDag,4.558,0.2072,True,good,,5020,50104,100.0,70.0,30.0,True
mot_50109,motza,EPPNB,GolluDag,6.202,0.045,False,GolluDag,6.707,0.0819,True,repeat_divergent,Zr,5020,50109,95.0,70.0,20.0,True
mot_50136,motza,EPPNB,GolluDag,10.5,0.0052,False,GolluDag,14.37,0.0024,False,good,,5016,50136,80.0,60.0,20.0,True
mot_50168,motza,EPPNB,GolluDag,8.198,0.0166,False,GolluDag,8.943,0.0301,False,repeat_divergent,Zr,5025,50168,95.0,65.0,20.0,True
mot_50170,motza,EPPNB,GolluDag,6.202,0.045,False,GolluDag,8.01,0.0458,False,good,,5017,50170,85.0,70.0,20.0,True
mot_50177,motza,EPPNB,GolluDag,10.5,0.0052,False,GolluDag,14.37,0.0024,False,good,,5020,50177,80.0,60.0,20.0,True
mot_50185,motza,EPPNB,GolluDag,8.198,0.0166,False,GolluDag,10.441,0.0152,False,repeat_divergent,Zr,5015,50185,85.0,65.0,20.0,True
mot_50188,motza,EPPNB,GolluDag,8.215,0.0164,False,GolluDag,10.166,0.0172,False,repeat_divergent,Nb,5021,50188,87.14,62.86,21.43,True
mot_50200,motza,EPPNB,GolluDag,4.525,0.1041,True,GolluDag,4.558,0.2072,True,good,,5052,50200,100.0,70.0,30.0,True
mot_50206,motza,EPPNB,GolluDag,10.5,0.0052,False,GolluDag,14.37,0.0024,False,good,,5019,50206,80.0,60.0,20.0,True
mot_50210,motza,EPPNB,GolluDag,10.5,0.0052,False,GolluDag,14.37,0.0024,False,good,,5014,50210,80.0,60.0,20.0,True
mot_50236a,motza,EPPNB,GolluDag,8.198,0.0166,False,GolluDag,11.491,0.0093,False,repeat_divergent,Zr,5027,50236a,80.0,65.0,20.0,True
mot_50236b,motza,EPPNB,GolluDag,4.511,0.1048,True,GolluDag,4.822,0.1853,True,good,,5027,50236b,95.0,75.0,20.0,True
mot_50251,motza,EPPNB,GolluDag,8.198,0.0166,False,GolluDag,9.591,0.0224,False,repeat_divergent,Zr,5024,50251,90.0,65.0,20.0,True
mot_50253,motza,EPPNB,GolluDag,10.5,0.0052,False,GolluDag,14.37,0.0024,False,good,,5018,50253,80.0,60.0,20.0,True
mot_50263,motza,EPPNB,GolluDag,10.5,0.0052,False,GolluDag,14.37,0.0024,False,good,,5028,50263,80.0,60.0,20.0,True
mot_50276BS,motza,EPPNB,EGD,3.373,0.1851,True,GolluDag,4.086,0.2523,True,repeat_divergent,"Zr,Nb",5023,50276BS,100.0,70.0,26.67,False
mot_50290,motza,EPPNB,GolluDag,9.697,0.0078,False,GolluDag,12.975,0.0047,False,good,,5027,50290,81.67,61.67,20.0,True
mot_50317a,motza,EPPNB,EGD,0.113,0.9452,True,EGD,1.456,0.6924,True,repeat_divergent,Nb,5021,50317a,95.0,75.0,25.0,True
mot_50317b,motza,EPPNB,GolluDag,3.351,0.1872,True,GolluDag,3.435,0.3293,True,good,,5021,50317b,105.0,75.0,30.0,True
mot_50321,motza,EPPNB,EGD,3.238,0.1981,True,EGD,3.468,0.3249,True,repeat_divergent,"Rb,Nb",5026,50321,90.0,65.0,25.0,True
mot_50324,motza,EPPNB,GolluDag,7.162,0.0279,False,GolluDag,8.056,0.0449,False,repeat_divergent,Zr,5027,50324,92.5,67.5,20.0,True
mot_50331,motza,EPPNB,GolluDag,10.5,0.0052,False,GolluDag,12.277,0.0065,False,good,,5028,50331,90.0,60.0,20.0,True
mot_50362,motza,EPPNB,GolluDag,10.5,0.0052,False,GolluDag,14.37,0.0024,False,good,,5017,50362,80.0,60.0,20.0,True
mot_50364,motza,EPPNB,GolluDag,10.5,0.0052,False,GolluDag,12.277,0.0065,False,good,,5024,50364,90.0,60.0,20.0,True
mot_50365,motza,EPPNB,GolluDag,10.5,0.0052,False,GolluDag,12.277,0.0065,False,good,,5031,50365,90.0,60.0,20.0,True
mot_50373,motza,EPPNB,GolluDag,10.5,0.0052,False,GolluDag,15.719,0.0013,False,good,,5017,50373,75.0,60.0,20.0,True
mot_50377,motza,EPPNB,GolluDag,8.198,0.0166,False,GolluDag,11.491,0.0093,False,good,,5019,50377,80.0,65.0,20.0,True
mot_50386,motza,EPPNB,GolluDag,26.126,0.0,False,GolluDag,39.686,0.0,False,good,,5033,50386,120.0,155.0,30.0,True
mot_50388,motza,EPPNB,GolluDag,3.351,0.1872,True,GolluDag,3.352,0.3405,True,good,,5034,50388,100.0,75.0,30.0,True
mot_50399,motza,EPPNB,GolluDag,10.5,0.0052,False,GolluDag,14.37,0.0024,False,good,,5031,50399,80.0,60.0,20.0,True
mot_50421,motza,EPPNB,GolluDag,6.754,0.0341,False,GolluDag,8.025,0.0455,False,repeat_divergent,"Rb,Nb",5037,50421,90.0,65.0,22.5,True
mot_50424,motza,EPPNB,GolluDag,8.198,0.0166,False,GolluDag,9.591,0.0224,False,repeat_divergent,Zr,5033,50424,90.0,65.0,20.0,True
mot_50432,motza,EPPNB,GolluDag,6.202,0.045,False,GolluDag,6.707,0.0819,True,good,,5030,50432,95.0,70.0,20.0,True
mot_50438,motza,EPPNB,GolluDag,6.202,0.045,False,GolluDag,8.01,0.0458,False,good,,5040,50438,85.0,70.0,20.0,True
mot_50450,motza,EPPNB,GolluDag,10.5,0.0052,False,GolluDag,15.719,0.0013,False,good,,5041,50450,75.0,60.0,20.0,True
mot_50468,motza,EPPNB,GolluDag,10.5,0.0052,False,GolluDag,12.277,0.0065,False,good,,5037,50468,90.0,60.0,20.0,True
mot_50468a,motza,EPPNB,GolluDag,10.5,0.0052,False,GolluDag,14.37,0.0024,False,good,,5046,50468a,80.0,60.0,20.0,True
mot_50468b,motza,EPPNB,GolluDag,8.198,0.0166,False,GolluDag,9.591,0.0224,False,repeat_divergent,Zr,5046,50468b,90.0,65.0,20.0,True
mot_50476,motza,EPPNB,GolluDag,10.5,0.0052,False,GolluDag,13.223,0.0042,False,good,,5038,50476,85.0,60.0,20.0,True
mot_50481,motza,EPPNB,GolluDag,6.202,0.045,False,GolluDag,6.707,0.0819,True,good,,5040,50481,95.0,70.0,20.0,True
mot_50497,motza,EPPNB,GolluDag,0.789,0.6739,True,GolluDag,0.819,0.845,True,repeat_divergent,Nb,5047,50497,100.0,85.0,25.0,True
mot_50504,motza,EPPNB,GolluDag,6.202,0.045,False,GolluDag,7.258,0.0641,True,good,,5046,50504,90.0,70.0,20.0,True
mot_50512,motza,EPPNB,GolluDag,8.198,0.0166,False,GolluDag,9.591,0.0224,False,repeat_divergent,Zr,5049,50512,90.0,65.0,20.0,True
mot_50519,motza,EPPNB,GolluDag,6.202,0.045,False,GolluDag,7.258,0.0641,True,good,,5054,50519,90.0,70.0,20.0,True
mot_50521a,motza,EPPNB,GolluDag,2.601,0.2725,True,GolluDag,2.716,0.4375,True,repeat_divergent,Nb,5053,50521a,106.0,76.0,28.0,True
mot_50521b,motza,EPPNB,GolluDag,3.359,0.1864,True,GolluDag,3.384,0.3361,True,repeat_divergent,Nb,5053,50521b,100.0,72.5,27.5,True
mot_50542,motza,EPPNB,GolluDag,6.202,0.045,False,GolluDag,8.964,0.0298,False,good,,5053,50542,80.0,70.0,20.0,True
mot_50544,motza,EPPNB,GolluDag,8.198,0.0166,False,GolluDag,11.491,0.0093,False,repeat_divergent,Zr,5022,50544,80.0,65.0,20.0,True
mot_50546,motza,EPPNB,GolluDag,8.198,0.0166,False,GolluDag,9.591,0.0224,False,repeat_divergent,Zr,5048,50546,90.0,65.0,20.0,True
mot_50565,motza,EPPNB,GolluDag,8.198,0.0166,False,GolluDag,11.491,0.0093,False,repeat_divergent,Zr,5048,50565,80.0,65.0,20.0,True
mot_50565a,motza,EPPNB,GolluDag,6.202,0.045,False,GolluDag,6.707,0.0819,True,good,,5048,50565a,95.0,70.0,20.0,True
mot_50565b,motza,EPPNB,GolluDag,8.198,0.0166,False,GolluDag,9.591,0.0224,False,repeat_divergent,Zr,5048,50565b,90.0,65.0,20.0,True
mot_50593,motza,EPPNB,GolluDag,8.198,0.0166,False,GolluDag,9.991,0.0186,False,good,,5053,50593,87.5,65.0,20.0,True
mot_50597a,motza,EPPNB,GolluDag,7.497,0.0235,False,GolluDag,9.907,0.0194,False,repeat_divergent,Zr,5047,50597a,83.33,66.67,20.0,True
mot_50597b,motza,EPPNB,GolluDag,10.5,0.0052,False,GolluDag,13.223,0.0042,False,good,,5047,50597b,85.0,60.0,20.0,True
mot_50600,motza,EPPNB,GolluDag,4.887,0.0868,True,GolluDag,6.171,0.1036,True,repeat_divergent,"Rb,Zr,Nb",5052,50600,87.5,70.0,22.5,True
mot_50600a,motza,EPPNB,GolluDag,8.198,0.0166,False,GolluDag,9.591,0.0224,False,repeat_divergent,Zr,5052,50600a,90.0,65.0,20.0,True
mot_50600b,motza,EPPNB,GolluDag,4.511,0.1048,True,GolluDag,5.277,0.1526,True,repeat_divergent,Rb,5052,50600b,90.0,75.0,20.0,True
mot_50604,motza,EPPNB,EGD,0.989,0.61,True,EGD,2.452,0.4841,True,repeat_divergent,Nb,5059,50604,95.0,70.0,25.0,True
mot_50604a,motza,EPPNB,GolluDag,4.511,0.1048,True,GolluDag,5.277,0.1526,True,beam_minimal,,5059,50604a,90.0,75.0,20.0,True
mot_50604b,motza,EPPNB,GolluDag,3.351,0.1872,True,GolluDag,3.352,0.3405,True,good,,5059,50604b,100.0,75.0,30.0,True
mot_50604c,motza,EPPNB,GolluDag,8.198,0.0166,False,GolluDag,9.591,0.0224,False,repeat_divergent,Zr,5059,50604c,90.0,65.0,20.0,True
mot_50606,motza,EPPNB,GolluDag,10.5,0.0052,False,GolluDag,14.37,0.0024,False,good,,5045,50606,80.0,60.0,20.0,True
mot_50632a,motza,EPPNB,GolluDag,3.351,0.1872,True,GolluDag,3.719,0.2935,True,good,,5052,50632a,110.0,75.0,30.0,True
mot_50632b,motza,EPPNB,GolluDag,10.5,0.0052,False,GolluDag,12.277,0.0065,False,good,,5052,50632b,90.0,60.0,20.0,True
mot_50643a,motza,EPPNB,GolluDag,8.198,0.0166,False,GolluDag,10.441,0.0152,False,repeat_divergent,Zr,5063,50643a,85.0,65.0,20.0,True
mot_50643b,motza,EPPNB,GolluDag,10.5,0.0052,False,GolluDag,14.37,0.0024,False,good,,5063,50643b,80.0,60.0,20.0,True
mot_50646,motza,EPPNB,GolluDag,3.808,0.149,True,GolluDag,5.055,0.1678,True,repeat_divergent,"Rb,Zr,Nb",5066,50646,86.0,74.0,22.0,True
mot_50655,motza,EPPNB,GolluDag,10.5,0.0052,False,GolluDag,13.223,0.0042,False,good,,5064,50655,85.0,60.0,20.0,True
mot_50658a,motza,EPPNB,GolluDag,10.5,0.0052,False,GolluDag,14.37,0.0024,False,good,,5062,50658a,80.0,60.0,20.0,True
mot_50658b,motza,EPPNB,GolluDag,10.5,0.0052,False,GolluDag,14.37,0.0024,False,good,,5062,50658b,80.0,60.0,20.0,True
mot_50662,motza,EPPNB,GolluDag,8.198,0.0166,False,GolluDag,9.591,0.0224,False,good,,5052,50662,90.0,65.0,20.0,True
mot_50662a,motza,EPPNB,GolluDag,6.202,0.045,False,GolluDag,6.357,0.0955,True,good,,5052,50662a,100.0,70.0,20.0,True
mot_50662b,motza,EPPNB,GolluDag,32.993,0.0,False,GolluDag,48.491,0.0,False,repeat_divergent,Zr,5052,50662b,120.0,163.33,30.0,True
mot_50662c,motza,EPPNB,GolluDag,4.525,0.1041,True,GolluDag,4.558,0.2072,True,good,,5052,50662c,100.0,70.0,30.0,True
mot_50664BS,motza,EPPNB,GolluDag,4.525,0.1041,True,GolluDag,4.558,0.2072,True,good,,5065,50664BS,100.0,70.0,30.0,True
mot_50667,motza,EPPNB,GolluDag,10.5,0.0052,False,GolluDag,12.277,0.0065,False,good,,5052,50667,90.0,60.0,20.0,True
mot_50670BS,motza,EPPNB,GolluDag,10.5,0.0052,False,GolluDag,14.37,0.0024,False,good,,5065,50670BS,80.0,60.0,20.0,True
mot_50680,motza,EPPNB,GolluDag,10.5,0.0052,False,GolluDag,13.223,0.0042,False,good,,5064,50680,85.0,60.0,20.0,True
mot_50681,motza,EPPNB,GolluDag,10.5,0.0052,False,GolluDag,12.277,0.0065,False,good,,5059,50681,90.0,60.0,20.0,True
mot_50706,motza,EPPNB,GolluDag,10.5,0.0052,False,GolluDag,12.277,0.0065,False,good,,5066,50706,90.0,60.0,20.0,True
mot_50712,motza,EPPNB,GolluDag,8.198,0.0166,False,GolluDag,9.591,0.0224,False,repeat_divergent,Zr,5063,50712,90.0,65.0,20.0,True
mot_50721,motza,EPPNB,GolluDag,4.525,0.1041,True,GolluDag,4.731,0.1926,True,good,,5064,50721,110.0,70.0,30.0,True
mot_50721a,motza,EPPNB,GolluDag,10.5,0.0052,False,GolluDag,14.37,0.0024,False,good,,5064,50721a,80.0,60.0,20.0,True
mot_50721b,motza,EPPNB,GolluDag,8.198,0.0166,False,GolluDag,11.491,0.0093,False,good,,5064,50721b,80.0,65.0,20.0,True
mot_50722,motza,EPPNB,GolluDag,5.764,0.056,True,EGD,6.194,0.1025,True,repeat_divergent,"Rb,Nb",5066,50722,88.33,66.67,23.33,False
mot_50728,motza,EPPNB,EGD,6.862,0.0324,False,EGD,7.046,0.0705,True,repeat_divergent,"Rb,Nb",5062,50728,90.0,60.0,25.0,True
mot_50750,motza,EPPNB,GolluDag,10.5,0.0052,False,GolluDag,13.223,0.0042,False,good,,5065,50750,85.0,60.0,20.0,True
mot_50754,motza,EPPNB,EGD,3.238,0.1981,True,EGD,3.468,0.3249,True,repeat_divergent,"Rb,Zr,Nb",5069,50754,90.0,65.0,25.0,True
mot_50778,motza,EPPNB,EGD,0.611,0.7369,True,GolluDag,1.611,0.6569,True,repeat_divergent,"Zr,Nb",5068,50778,100.0,80.0,25.0,False
mot_A1,motza,EPPNB,GolluDag,4.525,0.1041,True,GolluDag,5.708,0.1267,True,good,,A1,A1,120.0,70.0,30.0,True
mot_A2a,motza,EPPNB,GolluDag,6.202,0.045,False,GolluDag,7.258,0.0641,True,single,,A2a,A2a,90.0,70.0,20.0,True
mot_A2b,motza,EPPNB,EGD,3.238,0.1981,True,GolluDag,5.923,0.1154,True,repeat_divergent,"Zr,Nb",A2b,A2b,105.0,65.0,25.0,False
mot_A2c,motza,EPPNB,GolluDag,0.789,0.6739,True,GolluDag,0.811,0.8469,True,beam_minimal+repeat_divergent,"Rb,Zr,Nb",A2c,A2c,95.0,85.0,25.0,True
mot_A2d,motza,EPPNB,EGD,3.238,0.1981,True,EGD,4.826,0.185,True,repeat_divergent,"Zr,Nb",A2d,A2d,95.0,65.0,25.0,True
mot_A2e,motza,EPPNB,GolluDag,10.5,0.0052,False,GolluDag,12.277,0.0065,False,good,,A2e,A2e,90.0,60.0,20.0,True
mot_blade1a,motza,EPPNB,GolluDag,10.5,0.0052,False,GolluDag,14.37,0.0024,False,good,,blade1,blade1a,80.0,60.0,20.0,True
mot_blade1b,motza,EPPNB,GolluDag,8.198,0.0166,False,GolluDag,11.491,0.0093,False,repeat_divergent,Zr,blade1,blade1b,80.0,65.0,20.0,True
mot_blade2,motza,EPPNB,GolluDag,6.202,0.045,False,GolluDag,7.258,0.0641,True,good,,blade2,blade2,90.0,70.0,20.0,True
mot_blade3,motza,EPPNB,GolluDag,6.202,0.045,False,GolluDag,6.707,0.0819,True,good,,blade3,blade3,95.0,70.0,20.0,True
yif_,yiftahel,MPPNB,Group3d,0.719,0.698,True,GolluDag,83.826,0.0,False,repeat_divergent,"Rb,Zr,Nb",Modern,,82.5,205.0,27.5,False
yif_10634,yiftahel,MPPNB,GolluDag,0.274,0.872,True,GolluDag,0.274,0.9649,True,repeat_divergent,"Zr,Nb",1215,10634,95.0,90.0,25.0,True
yif_10671,yiftahel,MPPNB,BingolA,12.589,0.0018,False,BingolA,15.328,0.0016,False,repeat_divergent,Nb,1233,10671,100.0,1005.0,65.0,True
yif_20846,yiftahel,MPPNB,GolluDag,10.5,0.0052,False,GolluDag,13.223,0.0042,False,good,,2192,20846,85.0,60.0,20.0,True
yif_20895,yiftahel,MPPNB,GolluDag,10.5,0.0052,False,GolluDag,12.277,0.0065,False,good,,2219,20895,90.0,60.0,20.0,True
yif_20917,yiftahel,MPPNB,GolluDag,8.198,0.0166,False,GolluDag,11.491,0.0093,False,repeat_divergent,Zr,2207,20917,80.0,65.0,20.0,True
yif_25418,yiftahel,MPPNB,GolluDag,10.5,0.0052,False,GolluDag,13.223,0.0042,False,good,,2614,25418,85.0,60.0,20.0,True
yif_25464,yiftahel,MPPNB,GolluDag,10.5,0.0052,False,GolluDag,13.223,0.0042,False,good,,2631,25464,85.0,60.0,20.0,True
yif_25614,yiftahel,MPPNB,GolluDag,10.5,0.0052,False,GolluDag,14.37,0.0024,False,good,,2663,25614,80.0,60.0,20.0,True
yif_30013,yiftahel,MPPNB,GolluDag,10.5,0.0052,False,GolluDag,13.223,0.0042,False,good,,3004,30013,85.0,60.0,20.0,True
yif_30030/H,yiftahel,MPPNB,GolluDag,8.933,0.0115,False,GolluDag,12.414,0.0061,False,good,,3011,30030/H,80.0,63.33,20.0,True
yif_30072,yiftahel,MPPNB,EGD,0.989,0.61,True,GolluDag,4.252,0.2355,True,repeat_divergent,Nb,3006,30072,100.0,70.0,25.0,False
yif_30088,yiftahel,MPPNB,GolluDag,6.202,0.045,False,GolluDag,7.258,0.0641,True,repeat_divergent,Zr,3006,30088,90.0,70.0,20.0,True
yif_30131,yiftahel,MPPNB,GolluDag,10.5,0.0052,False,GolluDag,11.532,0.0092,False,good,,3035,30131,95.0,60.0,20.0,True
yif_30195,yiftahel,MPPNB,GolluDag,8.198,0.0166,False,GolluDag,11.491,0.0093,False,repeat_divergent,Zr,3024,30195,80.0,65.0,20.0,True
yif_30259,yiftahel,MPPNB,GolluDag,8.198,0.0166,False,GolluDag,9.591,0.0224,False,repeat_divergent,Zr,3064,30259,90.0,65.0,20.0,True
yif_30288,yiftahel,MPPNB,GolluDag,10.5,0.0052,False,GolluDag,13.223,0.0042,False,good,,3041,30288,85.0,60.0,20.0,True
yif_40096,yiftahel,MPPNB,GolluDag,10.5,0.0052,False,GolluDag,14.37,0.0024,False,good,,4029,40096,80.0,60.0,20.0,True
yif_40198,yiftahel,MPPNB,GolluDag,8.198,0.0166,False,GolluDag,9.591,0.0224,False,repeat_divergent,Zr,4060,40198,90.0,65.0,20.0,True
yif_50155,yiftahel,MPPNB,GolluDag,10.5,0.0052,False,GolluDag,12.885,0.0049,False,good,,5076,50155,86.67,60.0,20.0,True
yif_50420,yiftahel,MPPNB,GolluDag,3.126,0.2096,True,GolluDag,3.133,0.3715,True,good,,5237,50420,100.0,80.0,20.0,True
yif_55024,yiftahel,MPPNB,GolluDag,4.525,0.1041,True,GolluDag,4.558,0.2072,True,good,,5520,55024,100.0,70.0,30.0,True
yif_55138,yiftahel,MPPNB,GolluDag,7.497,0.0235,False,GolluDag,8.773,0.0325,False,repeat_divergent,Zr,5542,55138,90.0,66.67,20.0,True
